Method,Job,AnalyzeLaunchVariance,EvaluateOverhead,MaxAbsoluteError,MaxRelativeError,MinInvokeCount,MinIterationTime,OutlierMode,Affinity,EnvironmentVariables,Jit,LargeAddressAware,Platform,PowerPlanMode,Runtime,AllowVeryLargeObjects,Concurrent,CpuGroups,Force,HeapAffinitizeMask,HeapCount,NoAffinitize,RetainVm,Server,Arguments,BuildConfiguration,Clock,EngineFactory,NuGetReferences,Toolchain,IsMutator,InvocationCount,IterationCount,IterationTime,LaunchCount,MaxIterationCount,MaxWarmupIterationCount,MemoryRandomization,MinIterationCount,MinWarmupIterationCount,RunStrategy,UnrollFactor,WarmupCount,Mode,Mean,Error,StdDev,Allocated
ProcessLifetime,A_Predecessor,False,Default,Default,Default,Default,Default,Default,00000000000000000100,"DOTNET_TieredCompilation=0,DEKAF_DISPATCH_PROFILE=0,DEKAF_DISPATCH_SAMPLE_DIRECTORY=C:/git/Dekaf-perf-improvements-20260907/pr-3117/timing-v2\latency-samples,DEKAF_DISPATCH_JOB=A_Predecessor",RyuJit,Default,X64,8c5e7fda-e8bf-4a96-9a85-a6e23a8c635c,.NET 10.0,False,True,False,True,Default,Default,False,False,False,"/p:ProductDirectory=C:/git/Dekaf-perf-improvements-20260907/pr-3117/predecessor,/p:UseSharedCompilation=false",Default,Default,Default,Default,Default,Default,Default,15,250ms,Default,Default,Default,Default,Default,Default,Default,16,5,KeyRecordsDistinct,165.2 ns,3.06 ns,2.71 ns,0 B
ProcessLifetime,B_Published,False,Default,Default,Default,Default,Default,Default,00000000000000000100,"DOTNET_TieredCompilation=0,DEKAF_DISPATCH_PROFILE=0,DEKAF_DISPATCH_SAMPLE_DIRECTORY=C:/git/Dekaf-perf-improvements-20260907/pr-3117/timing-v2\latency-samples,DEKAF_DISPATCH_JOB=B_Published",RyuJit,Default,X64,8c5e7fda-e8bf-4a96-9a85-a6e23a8c635c,.NET 10.0,False,True,False,True,Default,Default,False,False,False,"/p:ProductDirectory=C:/git/Dekaf-perf-improvements-20260907/pr-3117/published,/p:UseSharedCompilation=false",Default,Default,Default,Default,Default,Default,Default,15,250ms,Default,Default,Default,Default,Default,Default,Default,16,5,KeyRecordsDistinct,154.0 ns,3.72 ns,3.10 ns,0 B
ProcessLifetime,C_SingleProbe,False,Default,Default,Default,Default,Default,Default,00000000000000000100,"DOTNET_TieredCompilation=0,DEKAF_DISPATCH_PROFILE=0,DEKAF_DISPATCH_SAMPLE_DIRECTORY=C:/git/Dekaf-perf-improvements-20260907/pr-3117/timing-v2\latency-samples,DEKAF_DISPATCH_JOB=C_SingleProbe",RyuJit,Default,X64,8c5e7fda-e8bf-4a96-9a85-a6e23a8c635c,.NET 10.0,False,True,False,True,Default,Default,False,False,False,"/p:ProductDirectory=C:/git/Dekaf-perf-improvements-20260907/pr-3117/candidate,/p:UseSharedCompilation=false",Default,Default,Default,Default,Default,Default,Default,15,250ms,Default,Default,Default,Default,Default,Default,Default,16,5,KeyRecordsDistinct,152.8 ns,2.49 ns,2.33 ns,0 B
ProcessLifetime,D_ClearOnce,False,Default,Default,Default,Default,Default,Default,00000000000000000100,"DOTNET_TieredCompilation=0,DEKAF_DISPATCH_PROFILE=0,DEKAF_DISPATCH_SAMPLE_DIRECTORY=C:/git/Dekaf-perf-improvements-20260907/pr-3117/timing-v2\latency-samples,DEKAF_DISPATCH_JOB=D_ClearOnce",RyuJit,Default,X64,8c5e7fda-e8bf-4a96-9a85-a6e23a8c635c,.NET 10.0,False,True,False,True,Default,Default,False,False,False,"/p:ProductDirectory=C:/git/Dekaf-perf-improvements-20260907/pr-3117/candidate-v2,/p:UseSharedCompilation=false",Default,Default,Default,Default,Default,Default,Default,15,250ms,Default,Default,Default,Default,Default,Default,Default,16,5,KeyRecordsDistinct,152.7 ns,3.84 ns,3.20 ns,0 B
ProcessLifetime,E_PublishedControl,False,Default,Default,Default,Default,Default,Default,00000000000000000100,"DOTNET_TieredCompilation=0,DEKAF_DISPATCH_PROFILE=0,DEKAF_DISPATCH_SAMPLE_DIRECTORY=C:/git/Dekaf-perf-improvements-20260907/pr-3117/timing-v2\latency-samples,DEKAF_DISPATCH_JOB=E_PublishedControl",RyuJit,Default,X64,8c5e7fda-e8bf-4a96-9a85-a6e23a8c635c,.NET 10.0,False,True,False,True,Default,Default,False,False,False,"/p:ProductDirectory=C:/git/Dekaf-perf-improvements-20260907/pr-3117/published,/p:UseSharedCompilation=false",Default,Default,Default,Default,Default,Default,Default,15,250ms,Default,Default,Default,Default,Default,Default,Default,16,5,KeyRecordsDistinct,155.2 ns,1.06 ns,0.94 ns,0 B
ProcessLifetime,F_PredecessorControl,False,Default,Default,Default,Default,Default,Default,00000000000000000100,"DOTNET_TieredCompilation=0,DEKAF_DISPATCH_PROFILE=0,DEKAF_DISPATCH_SAMPLE_DIRECTORY=C:/git/Dekaf-perf-improvements-20260907/pr-3117/timing-v2\latency-samples,DEKAF_DISPATCH_JOB=F_PredecessorControl",RyuJit,Default,X64,8c5e7fda-e8bf-4a96-9a85-a6e23a8c635c,.NET 10.0,False,True,False,True,Default,Default,False,False,False,"/p:ProductDirectory=C:/git/Dekaf-perf-improvements-20260907/pr-3117/predecessor,/p:UseSharedCompilation=false",Default,Default,Default,Default,Default,Default,Default,15,250ms,Default,Default,Default,Default,Default,Default,Default,16,5,KeyRecordsDistinct,155.6 ns,3.39 ns,3.00 ns,0 B
ProcessLifetime,A_Predecessor,False,Default,Default,Default,Default,Default,Default,00000000000000000100,"DOTNET_TieredCompilation=0,DEKAF_DISPATCH_PROFILE=0,DEKAF_DISPATCH_SAMPLE_DIRECTORY=C:/git/Dekaf-perf-improvements-20260907/pr-3117/timing-v2\latency-samples,DEKAF_DISPATCH_JOB=A_Predecessor",RyuJit,Default,X64,8c5e7fda-e8bf-4a96-9a85-a6e23a8c635c,.NET 10.0,False,True,False,True,Default,Default,False,False,False,"/p:ProductDirectory=C:/git/Dekaf-perf-improvements-20260907/pr-3117/predecessor,/p:UseSharedCompilation=false",Default,Default,Default,Default,Default,Default,Default,15,250ms,Default,Default,Default,Default,Default,Default,Default,16,5,KeyBatchesDistinct,154.9 ns,2.95 ns,2.46 ns,0 B
ProcessLifetime,B_Published,False,Default,Default,Default,Default,Default,Default,00000000000000000100,"DOTNET_TieredCompilation=0,DEKAF_DISPATCH_PROFILE=0,DEKAF_DISPATCH_SAMPLE_DIRECTORY=C:/git/Dekaf-perf-improvements-20260907/pr-3117/timing-v2\latency-samples,DEKAF_DISPATCH_JOB=B_Published",RyuJit,Default,X64,8c5e7fda-e8bf-4a96-9a85-a6e23a8c635c,.NET 10.0,False,True,False,True,Default,Default,False,False,False,"/p:ProductDirectory=C:/git/Dekaf-perf-improvements-20260907/pr-3117/published,/p:UseSharedCompilation=false",Default,Default,Default,Default,Default,Default,Default,15,250ms,Default,Default,Default,Default,Default,Default,Default,16,5,KeyBatchesDistinct,157.7 ns,1.54 ns,1.37 ns,0 B
ProcessLifetime,C_SingleProbe,False,Default,Default,Default,Default,Default,Default,00000000000000000100,"DOTNET_TieredCompilation=0,DEKAF_DISPATCH_PROFILE=0,DEKAF_DISPATCH_SAMPLE_DIRECTORY=C:/git/Dekaf-perf-improvements-20260907/pr-3117/timing-v2\latency-samples,DEKAF_DISPATCH_JOB=C_SingleProbe",RyuJit,Default,X64,8c5e7fda-e8bf-4a96-9a85-a6e23a8c635c,.NET 10.0,False,True,False,True,Default,Default,False,False,False,"/p:ProductDirectory=C:/git/Dekaf-perf-improvements-20260907/pr-3117/candidate,/p:UseSharedCompilation=false",Default,Default,Default,Default,Default,Default,Default,15,250ms,Default,Default,Default,Default,Default,Default,Default,16,5,KeyBatchesDistinct,159.8 ns,2.98 ns,2.49 ns,0 B
ProcessLifetime,D_ClearOnce,False,Default,Default,Default,Default,Default,Default,00000000000000000100,"DOTNET_TieredCompilation=0,DEKAF_DISPATCH_PROFILE=0,DEKAF_DISPATCH_SAMPLE_DIRECTORY=C:/git/Dekaf-perf-improvements-20260907/pr-3117/timing-v2\latency-samples,DEKAF_DISPATCH_JOB=D_ClearOnce",RyuJit,Default,X64,8c5e7fda-e8bf-4a96-9a85-a6e23a8c635c,.NET 10.0,False,True,False,True,Default,Default,False,False,False,"/p:ProductDirectory=C:/git/Dekaf-perf-improvements-20260907/pr-3117/candidate-v2,/p:UseSharedCompilation=false",Default,Default,Default,Default,Default,Default,Default,15,250ms,Default,Default,Default,Default,Default,Default,Default,16,5,KeyBatchesDistinct,149.3 ns,2.13 ns,1.89 ns,0 B
ProcessLifetime,E_PublishedControl,False,Default,Default,Default,Default,Default,Default,00000000000000000100,"DOTNET_TieredCompilation=0,DEKAF_DISPATCH_PROFILE=0,DEKAF_DISPATCH_SAMPLE_DIRECTORY=C:/git/Dekaf-perf-improvements-20260907/pr-3117/timing-v2\latency-samples,DEKAF_DISPATCH_JOB=E_PublishedControl",RyuJit,Default,X64,8c5e7fda-e8bf-4a96-9a85-a6e23a8c635c,.NET 10.0,False,True,False,True,Default,Default,False,False,False,"/p:ProductDirectory=C:/git/Dekaf-perf-improvements-20260907/pr-3117/published,/p:UseSharedCompilation=false",Default,Default,Default,Default,Default,Default,Default,15,250ms,Default,Default,Default,Default,Default,Default,Default,16,5,KeyBatchesDistinct,152.2 ns,3.72 ns,3.29 ns,0 B
ProcessLifetime,F_PredecessorControl,False,Default,Default,Default,Default,Default,Default,00000000000000000100,"DOTNET_TieredCompilation=0,DEKAF_DISPATCH_PROFILE=0,DEKAF_DISPATCH_SAMPLE_DIRECTORY=C:/git/Dekaf-perf-improvements-20260907/pr-3117/timing-v2\latency-samples,DEKAF_DISPATCH_JOB=F_PredecessorControl",RyuJit,Default,X64,8c5e7fda-e8bf-4a96-9a85-a6e23a8c635c,.NET 10.0,False,True,False,True,Default,Default,False,False,False,"/p:ProductDirectory=C:/git/Dekaf-perf-improvements-20260907/pr-3117/predecessor,/p:UseSharedCompilation=false",Default,Default,Default,Default,Default,Default,Default,15,250ms,Default,Default,Default,Default,Default,Default,Default,16,5,KeyBatchesDistinct,157.3 ns,3.41 ns,2.85 ns,0 B
ProcessLifetime,A_Predecessor,False,Default,Default,Default,Default,Default,Default,00000000000000000100,"DOTNET_TieredCompilation=0,DEKAF_DISPATCH_PROFILE=0,DEKAF_DISPATCH_SAMPLE_DIRECTORY=C:/git/Dekaf-perf-improvements-20260907/pr-3117/timing-v2\latency-samples,DEKAF_DISPATCH_JOB=A_Predecessor",RyuJit,Default,X64,8c5e7fda-e8bf-4a96-9a85-a6e23a8c635c,.NET 10.0,False,True,False,True,Default,Default,False,False,False,"/p:ProductDirectory=C:/git/Dekaf-perf-improvements-20260907/pr-3117/predecessor,/p:UseSharedCompilation=false",Default,Default,Default,Default,Default,Default,Default,15,250ms,Default,Default,Default,Default,Default,Default,Default,16,5,KeyRecordsPaired,172.0 ns,2.87 ns,2.69 ns,0 B
ProcessLifetime,B_Published,False,Default,Default,Default,Default,Default,Default,00000000000000000100,"DOTNET_TieredCompilation=0,DEKAF_DISPATCH_PROFILE=0,DEKAF_DISPATCH_SAMPLE_DIRECTORY=C:/git/Dekaf-perf-improvements-20260907/pr-3117/timing-v2\latency-samples,DEKAF_DISPATCH_JOB=B_Published",RyuJit,Default,X64,8c5e7fda-e8bf-4a96-9a85-a6e23a8c635c,.NET 10.0,False,True,False,True,Default,Default,False,False,False,"/p:ProductDirectory=C:/git/Dekaf-perf-improvements-20260907/pr-3117/published,/p:UseSharedCompilation=false",Default,Default,Default,Default,Default,Default,Default,15,250ms,Default,Default,Default,Default,Default,Default,Default,16,5,KeyRecordsPaired,163.0 ns,2.90 ns,2.42 ns,0 B
ProcessLifetime,C_SingleProbe,False,Default,Default,Default,Default,Default,Default,00000000000000000100,"DOTNET_TieredCompilation=0,DEKAF_DISPATCH_PROFILE=0,DEKAF_DISPATCH_SAMPLE_DIRECTORY=C:/git/Dekaf-perf-improvements-20260907/pr-3117/timing-v2\latency-samples,DEKAF_DISPATCH_JOB=C_SingleProbe",RyuJit,Default,X64,8c5e7fda-e8bf-4a96-9a85-a6e23a8c635c,.NET 10.0,False,True,False,True,Default,Default,False,False,False,"/p:ProductDirectory=C:/git/Dekaf-perf-improvements-20260907/pr-3117/candidate,/p:UseSharedCompilation=false",Default,Default,Default,Default,Default,Default,Default,15,250ms,Default,Default,Default,Default,Default,Default,Default,16,5,KeyRecordsPaired,162.7 ns,1.17 ns,1.04 ns,0 B
ProcessLifetime,D_ClearOnce,False,Default,Default,Default,Default,Default,Default,00000000000000000100,"DOTNET_TieredCompilation=0,DEKAF_DISPATCH_PROFILE=0,DEKAF_DISPATCH_SAMPLE_DIRECTORY=C:/git/Dekaf-perf-improvements-20260907/pr-3117/timing-v2\latency-samples,DEKAF_DISPATCH_JOB=D_ClearOnce",RyuJit,Default,X64,8c5e7fda-e8bf-4a96-9a85-a6e23a8c635c,.NET 10.0,False,True,False,True,Default,Default,False,False,False,"/p:ProductDirectory=C:/git/Dekaf-perf-improvements-20260907/pr-3117/candidate-v2,/p:UseSharedCompilation=false",Default,Default,Default,Default,Default,Default,Default,15,250ms,Default,Default,Default,Default,Default,Default,Default,16,5,KeyRecordsPaired,175.0 ns,1.82 ns,1.52 ns,0 B
ProcessLifetime,E_PublishedControl,False,Default,Default,Default,Default,Default,Default,00000000000000000100,"DOTNET_TieredCompilation=0,DEKAF_DISPATCH_PROFILE=0,DEKAF_DISPATCH_SAMPLE_DIRECTORY=C:/git/Dekaf-perf-improvements-20260907/pr-3117/timing-v2\latency-samples,DEKAF_DISPATCH_JOB=E_PublishedControl",RyuJit,Default,X64,8c5e7fda-e8bf-4a96-9a85-a6e23a8c635c,.NET 10.0,False,True,False,True,Default,Default,False,False,False,"/p:ProductDirectory=C:/git/Dekaf-perf-improvements-20260907/pr-3117/published,/p:UseSharedCompilation=false",Default,Default,Default,Default,Default,Default,Default,15,250ms,Default,Default,Default,Default,Default,Default,Default,16,5,KeyRecordsPaired,165.3 ns,4.14 ns,3.45 ns,0 B
ProcessLifetime,F_PredecessorControl,False,Default,Default,Default,Default,Default,Default,00000000000000000100,"DOTNET_TieredCompilation=0,DEKAF_DISPATCH_PROFILE=0,DEKAF_DISPATCH_SAMPLE_DIRECTORY=C:/git/Dekaf-perf-improvements-20260907/pr-3117/timing-v2\latency-samples,DEKAF_DISPATCH_JOB=F_PredecessorControl",RyuJit,Default,X64,8c5e7fda-e8bf-4a96-9a85-a6e23a8c635c,.NET 10.0,False,True,False,True,Default,Default,False,False,False,"/p:ProductDirectory=C:/git/Dekaf-perf-improvements-20260907/pr-3117/predecessor,/p:UseSharedCompilation=false",Default,Default,Default,Default,Default,Default,Default,15,250ms,Default,Default,Default,Default,Default,Default,Default,16,5,KeyRecordsPaired,172.1 ns,1.55 ns,1.29 ns,0 B
ProcessLifetime,A_Predecessor,False,Default,Default,Default,Default,Default,Default,00000000000000000100,"DOTNET_TieredCompilation=0,DEKAF_DISPATCH_PROFILE=0,DEKAF_DISPATCH_SAMPLE_DIRECTORY=C:/git/Dekaf-perf-improvements-20260907/pr-3117/timing-v2\latency-samples,DEKAF_DISPATCH_JOB=A_Predecessor",RyuJit,Default,X64,8c5e7fda-e8bf-4a96-9a85-a6e23a8c635c,.NET 10.0,False,True,False,True,Default,Default,False,False,False,"/p:ProductDirectory=C:/git/Dekaf-perf-improvements-20260907/pr-3117/predecessor,/p:UseSharedCompilation=false",Default,Default,Default,Default,Default,Default,Default,15,250ms,Default,Default,Default,Default,Default,Default,Default,16,5,KeyBatchesPaired,168.9 ns,2.03 ns,1.59 ns,0 B
ProcessLifetime,B_Published,False,Default,Default,Default,Default,Default,Default,00000000000000000100,"DOTNET_TieredCompilation=0,DEKAF_DISPATCH_PROFILE=0,DEKAF_DISPATCH_SAMPLE_DIRECTORY=C:/git/Dekaf-perf-improvements-20260907/pr-3117/timing-v2\latency-samples,DEKAF_DISPATCH_JOB=B_Published",RyuJit,Default,X64,8c5e7fda-e8bf-4a96-9a85-a6e23a8c635c,.NET 10.0,False,True,False,True,Default,Default,False,False,False,"/p:ProductDirectory=C:/git/Dekaf-perf-improvements-20260907/pr-3117/published,/p:UseSharedCompilation=false",Default,Default,Default,Default,Default,Default,Default,15,250ms,Default,Default,Default,Default,Default,Default,Default,16,5,KeyBatchesPaired,169.5 ns,1.88 ns,1.67 ns,0 B
ProcessLifetime,C_SingleProbe,False,Default,Default,Default,Default,Default,Default,00000000000000000100,"DOTNET_TieredCompilation=0,DEKAF_DISPATCH_PROFILE=0,DEKAF_DISPATCH_SAMPLE_DIRECTORY=C:/git/Dekaf-perf-improvements-20260907/pr-3117/timing-v2\latency-samples,DEKAF_DISPATCH_JOB=C_SingleProbe",RyuJit,Default,X64,8c5e7fda-e8bf-4a96-9a85-a6e23a8c635c,.NET 10.0,False,True,False,True,Default,Default,False,False,False,"/p:ProductDirectory=C:/git/Dekaf-perf-improvements-20260907/pr-3117/candidate,/p:UseSharedCompilation=false",Default,Default,Default,Default,Default,Default,Default,15,250ms,Default,Default,Default,Default,Default,Default,Default,16,5,KeyBatchesPaired,169.3 ns,2.56 ns,2.14 ns,0 B
ProcessLifetime,D_ClearOnce,False,Default,Default,Default,Default,Default,Default,00000000000000000100,"DOTNET_TieredCompilation=0,DEKAF_DISPATCH_PROFILE=0,DEKAF_DISPATCH_SAMPLE_DIRECTORY=C:/git/Dekaf-perf-improvements-20260907/pr-3117/timing-v2\latency-samples,DEKAF_DISPATCH_JOB=D_ClearOnce",RyuJit,Default,X64,8c5e7fda-e8bf-4a96-9a85-a6e23a8c635c,.NET 10.0,False,True,False,True,Default,Default,False,False,False,"/p:ProductDirectory=C:/git/Dekaf-perf-improvements-20260907/pr-3117/candidate-v2,/p:UseSharedCompilation=false",Default,Default,Default,Default,Default,Default,Default,15,250ms,Default,Default,Default,Default,Default,Default,Default,16,5,KeyBatchesPaired,175.5 ns,5.27 ns,4.40 ns,0 B
ProcessLifetime,E_PublishedControl,False,Default,Default,Default,Default,Default,Default,00000000000000000100,"DOTNET_TieredCompilation=0,DEKAF_DISPATCH_PROFILE=0,DEKAF_DISPATCH_SAMPLE_DIRECTORY=C:/git/Dekaf-perf-improvements-20260907/pr-3117/timing-v2\latency-samples,DEKAF_DISPATCH_JOB=E_PublishedControl",RyuJit,Default,X64,8c5e7fda-e8bf-4a96-9a85-a6e23a8c635c,.NET 10.0,False,True,False,True,Default,Default,False,False,False,"/p:ProductDirectory=C:/git/Dekaf-perf-improvements-20260907/pr-3117/published,/p:UseSharedCompilation=false",Default,Default,Default,Default,Default,Default,Default,15,250ms,Default,Default,Default,Default,Default,Default,Default,16,5,KeyBatchesPaired,171.8 ns,2.68 ns,2.38 ns,0 B
ProcessLifetime,F_PredecessorControl,False,Default,Default,Default,Default,Default,Default,00000000000000000100,"DOTNET_TieredCompilation=0,DEKAF_DISPATCH_PROFILE=0,DEKAF_DISPATCH_SAMPLE_DIRECTORY=C:/git/Dekaf-perf-improvements-20260907/pr-3117/timing-v2\latency-samples,DEKAF_DISPATCH_JOB=F_PredecessorControl",RyuJit,Default,X64,8c5e7fda-e8bf-4a96-9a85-a6e23a8c635c,.NET 10.0,False,True,False,True,Default,Default,False,False,False,"/p:ProductDirectory=C:/git/Dekaf-perf-improvements-20260907/pr-3117/predecessor,/p:UseSharedCompilation=false",Default,Default,Default,Default,Default,Default,Default,15,250ms,Default,Default,Default,Default,Default,Default,Default,16,5,KeyBatchesPaired,174.3 ns,4.64 ns,4.11 ns,0 B
