phase,block,sample_end,samples,p50_ms,p95_ms,p99_ms,p999_ms,max_ms,over_1ms,over_5ms,elapsed_seconds,heap_bytes,rss_bytes,gen2,block_gen2,block_lifecycle_cpu_ms,block_wall_ms
A1,1,100,100,0.766996,0.932286,0.952565,1.321822,1.321822,1,0,0.1145532,2192080,52424704,6,,,
A1,2,200,100,0.816271,0.845737,0.871812,0.938148,0.938148,0,0,0.2227978,3350400,56209408,9,3,135.296,108.24459999999999
A1,3,300,100,0.88707,0.930516,0.987514,1.043828,1.043828,1,0,0.3385902,4375976,56434688,12,3,144.915,115.79240000000001
A1,4,400,100,0.895801,0.930486,1.027127,1.036096,1.036096,2,0,0.4575819,5406840,56438784,15,3,145.116,118.99169999999998
A1,5,500,100,1.12534,1.533892,1.561364,1.626647,1.626647,77,0,0.6124932,6445856,56745984,18,3,202.24,154.91129999999998
A1,6,600,100,1.068406,1.797249,1.822707,10.186681,10.186681,100,1,0.7940119,7473272,57507840,21,3,276.836,181.51870000000002
A1,7,700,100,1.036366,1.084463,1.675269,1.679146,1.679146,100,0,0.9362411,8490672,57524224,24,3,171.616,142.22920000000005
A1,8,800,100,1.028832,1.046452,1.077383,1.079217,1.079217,100,0,1.0756756,1334752,57528320,28,4,163.634,139.4345
A1,9,900,100,1.046201,1.752174,1.762474,1.763426,1.763426,100,0,1.2614495,2352192,59285504,31,3,296.555,185.77389999999983
A1,10,1000,100,1.030014,1.046401,1.061854,1.07024,1.07024,100,0,1.399634,3369720,59289600,34,3,162.046,138.18450000000016
A1,11,1100,100,1.030556,1.700987,1.717298,1.725464,1.725464,100,0,1.5559123,4298016,58093568,37,3,216.25,156.27829999999986
A1,12,1200,100,1.024844,1.047247,1.073927,1.074167,1.074167,100,0,1.6977315,5421048,59764736,40,3,165.668,141.81920000000002
A1,13,1300,100,0.80117,1.686369,1.733669,1.735563,1.735563,47,0,1.8115292,6333848,59002880,43,3,190.738,113.7977000000001
A1,14,1400,100,0.239553,0.266394,0.334551,0.349729,0.349729,0,0,1.8540123,7471040,59899904,46,3,66.053,42.48309999999989
A1,15,1500,100,0.240615,0.258827,0.26925,0.274816,0.274816,0,0,1.8962611,8488968,59904000,49,3,63.931,42.24880000000009
A1,16,1600,100,0.241398,0.263198,0.270618,0.280937,0.280937,0,0,1.9390357,1335392,59904000,53,4,64.628,42.77459999999999
A1,17,1700,100,0.241738,0.267756,0.274295,0.341913,0.341913,0,0,1.9816997,2352832,59904000,56,3,64.684,42.66400000000004
A1,18,1800,100,0.241457,0.265709,0.268715,0.27158,0.27158,0,0,2.024126,3370424,59904000,59,3,64.443,42.426299999999806
A1,19,1900,100,0.242576,0.263619,0.269907,0.273514,0.273514,0,0,2.0666658,4404288,59904000,62,3,64.465,42.53980000000013
A1,20,2000,100,0.242395,0.260973,0.267016,0.271611,0.271611,0,0,2.109049,5421752,59904000,65,3,64.347,42.38320000000017
A1,21,2100,100,0.32343,0.35506,0.362995,0.364156,0.364156,0,0,2.1700239,6334560,59166720,68,3,114.877,60.97489999999972
A1,22,2200,100,0.237216,0.261541,0.285779,0.317839,0.317839,0,0,2.2115797,7465800,60039168,71,3,64.23,41.555800000000254
A1,23,2300,100,0.238281,0.264937,0.268755,0.308263,0.308263,0,0,2.2529613,8489672,60039168,74,3,62.818,41.38159999999979
A1,24,2400,100,0.314173,0.346423,0.354118,0.358185,0.358185,0,0,2.3075969,1230536,57241600,78,4,94.8,54.63560000000012
A1,25,2500,100,0.254711,0.342766,0.346373,0.347424,0.347424,0,0,2.3625469,2254336,57704448,81,3,108.19,54.94999999999983
A1,26,2600,100,0.242858,0.272414,0.274718,0.280349,0.280349,0,0,2.4125285,3384552,60133376,84,3,97.506,49.981600000000185
A1,27,2700,100,0.218661,0.241894,0.246423,0.247899,0.247899,0,0,2.4509255,4409960,60231680,87,3,68.005,38.39699999999979
A1,28,2800,100,0.217971,0.241267,0.242786,0.25052,0.25052,0,0,2.4892632,5428248,60231680,90,3,67.443,38.33770000000003
A1,29,2900,100,0.219021,0.241336,0.25341,0.254608,0.254608,0,0,2.5279208,6457512,60231680,93,3,68.584,38.65760000000007
A1,30,3000,100,0.203252,0.241165,0.244543,0.24935,0.24935,0,0,2.5665199,7372856,59740160,96,3,64.748,38.599099999999886
A1,31,3100,100,0.184786,0.206692,0.213945,0.221456,0.221456,0,0,2.6016043,8496184,60231680,99,3,54.299,35.08440000000013
A1,32,3200,100,0.243088,0.269538,0.270861,0.272364,0.272364,0,0,2.6510154,1237216,57430016,103,4,93.467,49.411099999999934
A1,33,3300,100,0.182887,0.208332,0.219843,0.243478,0.243478,0,0,2.686787,2360048,60280832,106,3,54.716,35.77159999999991
A1,34,3400,100,0.188213,0.234654,0.241183,0.243267,0.243267,0,0,2.7239808,3393544,60280832,109,3,61.662,37.19380000000028
A1,35,3500,100,0.204658,0.262895,0.268987,0.271662,0.271662,0,0,2.7643964,4314912,58621952,112,3,68.582,40.41559999999977
A1,36,3600,100,0.243268,0.273746,0.277392,0.283515,0.283515,0,0,2.8159006,5324392,59072512,115,3,102.069,51.50420000000011
A1,37,3700,100,0.238219,0.273696,0.284046,0.317188,0.317188,0,0,2.8648101,6447544,63475712,118,3,96.06,48.909500000000165
A1,38,3800,100,0.23866,0.27043,0.273676,0.283194,0.283194,0,0,2.9097467,7364528,63119360,121,3,87.464,44.93659999999977
A1,39,3900,100,0.258788,0.283705,0.301789,0.302901,0.302901,0,0,2.9604743,8390224,63582208,124,3,97.27,50.727600000000095
A1,40,4000,100,0.256474,0.290508,0.314183,0.327749,0.327749,0,0,3.0113133,1238232,60882944,128,4,97.882,50.83899999999986
A1,41,4100,100,0.257756,0.289085,0.300357,0.300937,0.300937,0,0,3.0606624,2255912,61374464,131,3,99.513,49.34910000000015
A1,42,4200,100,0.261032,0.288304,0.300788,0.313331,0.313331,0,0,3.1107442,3273520,62148608,134,3,97.017,50.081800000000065
A1,43,4300,100,0.25478,0.284908,0.294826,0.294976,0.294976,0,0,3.15437,4404056,64143360,137,3,81.224,43.62580000000005
A1,44,4400,100,0.210707,0.238197,0.244088,0.315245,0.315245,0,0,3.1876172,5428232,64241664,140,3,60.905,33.24719999999992
A1,45,4500,100,0.210817,0.234082,0.241826,0.24266,0.24266,0,0,3.2208527,6456264,64241664,143,3,62.912,33.23549999999997
A1,46,4600,100,0.2122,0.231397,0.237748,0.244803,0.244803,0,0,3.2545614,7478032,64241664,146,3,64.223,33.708700000000036
A1,47,4700,100,0.211148,0.235163,0.242569,0.243299,0.243299,0,0,3.2881008,8502568,64241664,149,3,63.414,33.5394
A1,48,4800,100,0.211969,0.232679,0.236077,0.24324,0.24324,0,0,3.3224154,1343248,64241664,153,4,65.045,34.314600000000084
A1,49,4900,100,0.219153,0.246545,0.261674,0.263076,0.263076,0,0,3.3624534,2361536,64163840,156,3,74.492,40.03800000000002
A1,50,5000,100,0.215164,0.239181,0.246455,0.248658,0.248658,0,0,3.3975126,3387776,64262144,159,3,66.04,35.05920000000007
A1,51,5100,100,0.214063,0.234711,0.238207,0.244202,0.244202,0,0,3.4320747,4413096,64262144,162,3,64.483,34.562099999999596
A1,52,5200,100,0.213062,0.233963,0.240642,0.245953,0.245953,0,0,3.4664342,5429776,64262144,165,3,64.248,34.359500000000324
A1,53,5300,100,0.214306,0.236816,0.242588,0.2429,0.2429,0,0,3.501606,6456744,64266240,168,3,65.814,35.17180000000009
A1,54,5400,100,0.214234,0.235544,0.242399,0.244553,0.244553,0,0,3.5361529,7480392,64266240,171,3,63.685,34.5468999999996
A1,55,5500,100,0.181885,0.199785,0.200741,0.200907,0.200907,0,0,3.5687787,8496928,64266240,174,3,51.785,32.62580000000037
A1,56,5600,100,0.1816,0.199288,0.201989,0.212038,0.212038,0,0,3.6013214,1344712,64266240,178,4,51.91,32.54269999999959
A1,57,5700,100,0.181691,0.199167,0.202514,0.205219,0.205219,0,0,3.6331161,2362168,64266240,181,3,50.662,31.794700000000287
A1,58,5800,100,0.181951,0.200877,0.207312,0.216259,0.216259,0,0,3.6650212,3379552,64266240,184,3,50.843,31.90509999999991
A1,59,5900,100,0.181093,0.200186,0.203902,0.204226,0.204226,0,0,3.6971586,4405208,64266240,187,3,51.227,32.13739999999987
A1,60,6000,100,0.181274,0.198502,0.201158,0.203045,0.203045,0,0,3.7292743,5430728,64266240,190,3,51.277,32.1157000000003
A1,61,6100,100,0.181791,0.201178,0.201772,0.212583,0.212583,0,0,3.7612658,6448312,64266240,193,3,51.024,31.99149999999973
A1,62,6200,100,0.210958,0.230767,0.232919,0.23317,0.23317,0,0,3.7945115,7481384,64266240,196,3,60.331,33.245700000000156
A1,63,6300,100,0.211679,0.233611,0.243708,0.243931,0.243931,0,0,3.8281136,8502024,64266240,199,3,63.778,33.602099999999965
A1,64,6400,100,0.21167,0.233301,0.236395,0.237949,0.237949,0,0,3.8622644,1345384,64266240,203,4,64.7,34.150799999999926
A1,65,6500,100,0.210236,0.231907,0.233761,0.235073,0.235073,0,0,3.8955614,2362480,64266240,206,3,61.702,33.29700000000013
A1,66,6600,100,0.18138,0.199315,0.200279,0.201168,0.201168,0,0,3.9276306,3380592,64266240,209,3,51.153,32.06920000000002
A1,67,6700,100,0.181571,0.198743,0.201663,0.203752,0.203752,0,0,3.9597238,4406296,64266240,212,3,51.089,32.093199999999825
A1,68,6800,100,0.182101,0.200847,0.210186,0.305538,0.305538,0,0,3.992391,5431880,64266240,215,3,51.759,32.66720000000012
A1,69,6900,100,0.181711,0.20064,0.204233,0.219476,0.219476,0,0,4.0244405,6449040,64266240,218,3,50.779,32.04949999999984
A1,70,7000,100,0.177377,0.202123,0.205666,0.208872,0.208872,0,0,4.0572007,7472968,64266240,221,3,50.38,32.76020000000024
A1,71,7100,100,0.211359,0.233528,0.238058,0.241735,0.241735,0,0,4.0905882,8500096,64266240,224,3,62.19,33.3874999999999
A1,72,7200,100,0.232739,0.263396,0.267955,0.269088,0.269088,0,0,4.1348343,1354640,64192512,228,4,83.252,44.24609999999962
A1,73,7300,100,0.212803,0.236576,0.241126,0.245251,0.245251,0,0,4.1687361,2363960,64290816,231,3,64.209,33.90180000000065
A1,74,7400,100,0.211409,0.231826,0.237528,0.314333,0.314333,0,0,4.2025222,3389040,64290816,234,3,63.746,33.786099999999486
A1,75,7500,100,0.211278,0.231196,0.236286,0.238049,0.238049,0,0,4.2376138,4407448,64294912,237,3,64.116,35.091600000000334
A1,76,7600,100,0.181844,0.236847,0.25973,0.27046,0.27046,0,0,4.270706,5432176,64299008,240,3,57.007,33.09219999999957
A1,77,7700,100,0.181443,0.199749,0.203562,0.205446,0.205446,0,0,4.302418,6449616,64299008,243,3,50.552,31.71200000000063
A1,78,7800,100,0.181581,0.198916,0.205897,0.208171,0.208171,0,0,4.3342883,7473544,64299008,246,3,50.72,31.870299999999574
A1,79,7900,100,0.181531,0.20059,0.211199,0.240954,0.240954,0,0,4.366376,8499168,64299008,249,3,51.572,32.08769999999994
A1,80,8000,100,0.181313,0.200136,0.204674,0.241736,0.241736,0,0,4.398881,1346952,64299008,253,4,51.745,32.50500000000045
A1,81,8100,100,0.181761,0.201468,0.211118,0.236045,0.236045,0,0,4.4316071,2364408,64299008,256,3,52.105,32.72609999999965
A1,82,8200,100,0.180823,0.200987,0.206151,0.213975,0.213975,0,0,4.4634442,3381792,64299008,259,3,50.616,31.83709999999973
A1,83,8300,100,0.181765,0.200286,0.204864,0.209533,0.209533,0,0,4.4955109,4407448,64299008,262,3,51.098,32.06670000000056
A1,84,8400,100,0.181892,0.202453,0.204374,0.211437,0.211437,0,0,4.5280566,5433112,64299008,265,3,51.719,32.54570000000001
A1,85,8500,100,0.18129,0.199297,0.199889,0.204904,0.204904,0,0,4.5603581,6458704,64299008,268,3,51.541,32.30149999999998
A1,86,8600,100,0.181333,0.200636,0.202153,0.208812,0.208812,0,0,4.5924278,7475520,64299008,271,3,51.15,32.06970000000009
A1,87,8700,100,0.18145,0.199658,0.201228,0.205856,0.205856,0,0,4.6246522,8499744,64299008,274,3,51.395,32.2243999999996
A1,88,8800,100,0.181484,0.200345,0.203055,0.203436,0.203436,0,0,4.6570759,1347528,64299008,278,4,51.442,32.42369999999983
A1,89,8900,100,0.183254,0.234001,0.252085,0.25493,0.25493,0,0,4.6901253,2363688,64307200,281,3,56.405,33.04940000000034
A1,90,9000,100,0.211068,0.233311,0.235246,0.236637,0.236637,0,0,4.7235838,3390680,64307200,284,3,61.786,33.45850000000006
A1,91,9100,100,0.211329,0.232328,0.237307,0.238249,0.238249,0,0,4.7571131,4412544,64307200,287,3,62.222,33.52929999999965
A1,92,9200,100,0.209225,0.234312,0.23966,0.242916,0.242916,0,0,4.7897101,5433688,64307200,290,3,58.038,32.59699999999999
A1,93,9300,100,0.181324,0.200616,0.203716,0.204924,0.204924,0,0,4.8214796,6451128,64307200,293,3,50.687,31.769500000000228
A1,94,9400,100,0.18141,0.200877,0.209517,0.209675,0.209675,0,0,4.853666,7474768,64307200,296,3,51.322,32.186399999999615
A1,95,9500,100,0.181344,0.199825,0.201632,0.206521,0.206521,0,0,4.8855487,8500320,64307200,299,3,50.881,31.882700000000597
A1,96,9600,100,0.181434,0.200681,0.205519,0.215829,0.215829,0,0,4.9182412,1348104,64307200,303,4,51.83,32.69249999999957
A1,97,9700,100,0.181711,0.20058,0.20696,0.369865,0.369865,0,0,4.9509285,2365560,64311296,306,3,52.181,32.687300000000086
A1,98,9800,100,0.182185,0.200716,0.205499,0.212099,0.212099,0,0,4.9838359,3382944,64311296,309,3,52.117,32.90740000000003
A1,99,9900,100,0.182432,0.203812,0.232681,0.35961,0.35961,0,0,5.0170165,4408584,64311296,312,3,52.292,33.18060000000056
A1,100,10000,100,0.181571,0.200856,0.234342,0.239432,0.239432,0,0,5.0492771,5442800,64311296,315,3,50.847,32.26059999999986
B,1,100,100,0.86626,0.946882,0.958605,0.968286,0.968286,0,0,0.1261564,2305736,54870016,6,,,
B,2,200,100,0.869286,0.934443,0.941684,0.948038,0.948038,0,0,0.2432035,3350672,56205312,9,3,165.291,117.04709999999999
B,3,300,100,0.869497,0.99281,1.012969,1.190085,1.190085,4,0,0.3595696,4385592,56229888,12,3,154.795,116.3661
B,4,400,100,0.824806,0.92973,0.933287,0.937997,0.937997,0,0,0.4721174,5408200,56246272,15,3,143.39,112.54780000000004
B,5,500,100,0.869336,0.929049,0.939699,0.966011,0.966011,0,0,0.5871785,6433816,56250368,18,3,152.216,115.06110000000002
B,6,600,100,1.065286,1.640131,1.801475,1.822326,1.822326,83,0,0.7342739,7467312,56889344,21,3,211.915,147.09539999999998
B,7,700,100,0.805456,1.14628,1.189381,1.200372,1.200372,25,0,0.8628564,8494840,57196544,24,3,202.512,128.58249999999992
B,8,800,100,0.758628,1.066129,1.076428,1.0824,1.0824,8,0,0.9806402,1335992,57298944,28,4,167.418,117.7838
B,9,900,100,0.694758,1.083692,1.110333,15.301584,15.301584,30,1,1.1299842,2353296,58462208,31,3,243.109,149.34400000000002
B,10,1000,100,0.694591,0.792331,0.793738,0.795097,0.795097,0,0,1.2372124,3379112,58466304,34,3,139.901,107.2282
B,11,1100,100,0.727178,0.794598,0.803606,0.829844,0.829844,0,0,1.3458756,4396320,58466304,37,3,145.747,108.66320000000007
B,12,1200,100,0.34478,1.05046,1.068123,1.072281,1.072281,15,0,1.4414896,5330824,57823232,40,3,171.744,95.61399999999986
B,13,1300,100,0.233718,0.315134,0.341894,0.354839,0.354839,0,0,1.4865108,6452696,59109376,43,3,72.521,45.02120000000009
B,14,1400,100,0.235866,0.259818,0.267415,0.268494,0.268494,0,0,1.5279739,7485688,59109376,46,3,63.084,41.46310000000008
B,15,1500,100,0.234925,0.254998,0.258736,0.265171,0.265171,0,0,1.5692142,8503136,59109376,49,3,62.797,41.2402999999999
B,16,1600,100,0.234414,0.252594,0.25597,0.256382,0.256382,0,0,1.6108621,1349944,59109376,53,4,63.244,41.64790000000007
B,17,1700,100,0.234814,0.260609,0.297882,0.326906,0.326906,0,0,1.6524879,2367392,59109376,56,3,63.571,41.62579999999983
B,18,1800,100,0.315024,0.341173,0.344208,0.344699,0.344699,0,0,1.7101759,3279936,57335808,59,3,112.864,57.68800000000019
B,19,1900,100,0.232791,0.257533,0.26562,0.277154,0.277154,0,0,1.7511161,4418608,59400192,62,3,62.826,40.94019999999987
B,20,2000,100,0.235082,0.254477,0.263428,0.267545,0.267545,0,0,1.7921022,5436032,59400192,65,3,61.76,40.98610000000002
B,21,2100,100,0.235633,0.257353,0.26427,0.266063,0.266063,0,0,1.83315,6453400,59400192,68,3,61.877,41.04780000000008
B,22,2200,100,0.235145,0.254919,0.258946,0.266755,0.266755,0,0,1.8738371,7486392,59400192,71,3,61.166,40.68709999999997
B,23,2300,100,0.236323,0.310314,0.338357,0.341353,0.341353,0,0,1.9161421,8500840,59412480,74,3,65.148,42.305000000000035
B,24,2400,100,0.315645,0.344339,0.350932,0.351543,0.351543,0,0,1.9788483,1236960,56713216,78,4,121.446,62.706199999999825
B,25,2500,100,0.23267,0.303903,0.325003,0.341383,0.341383,0,0,2.021187,2368072,59572224,81,3,66.515,42.33869999999995
B,26,2600,100,0.23445,0.251697,0.261103,0.276132,0.276132,0,0,2.062063,3385408,59576320,84,3,61.369,40.87600000000036
B,27,2700,100,0.235131,0.258709,0.262994,0.348809,0.348809,0,0,2.1033866,4419184,59576320,87,3,62.037,41.323599999999686
B,28,2800,100,0.23445,0.252825,0.263585,0.264407,0.264407,0,0,2.1443901,5436608,59576320,90,3,61.569,41.003499999999974
B,29,2900,100,0.233668,0.254491,0.288995,0.306528,0.306528,0,0,2.1855792,6462304,59592704,93,3,61.975,41.18909999999998
B,30,3000,100,0.311697,0.341383,0.343638,0.347445,0.347445,0,0,2.244411,7374264,59252736,96,3,115.779,58.8318000000001
B,31,3100,100,0.2292,0.255062,0.26093,0.26589,0.26589,0,0,2.2854536,8504416,59740160,99,3,60.597,41.04259999999993
B,32,3200,100,0.231288,0.25029,0.262312,0.26656,0.26656,0,0,2.3264099,1351224,59740160,103,4,61.316,40.95629999999994
B,33,3300,100,0.296609,0.332687,0.338588,0.369366,0.369366,0,0,2.3759943,2271624,57327616,106,3,88.558,49.58440000000009
B,34,3400,100,0.232578,0.263236,0.26528,0.269387,0.269387,0,0,2.4262918,3289656,58540032,109,3,98.569,50.297500000000106
B,35,3500,100,0.230434,0.256894,0.271351,0.285769,0.285769,0,0,2.473659,4307224,61161472,112,3,94.403,47.367200000000054
B,36,3600,100,0.231446,0.256233,0.259098,0.262594,0.262594,0,0,2.5197179,5333088,61607936,115,3,90.158,46.058899999999795
B,37,3700,100,0.24981,0.281591,0.285578,0.296609,0.296609,0,0,2.5680069,6350728,62070784,118,3,95.753,48.28900000000003
B,38,3800,100,0.248959,0.277944,0.283214,0.285317,0.285317,0,0,2.6162842,7372632,62509056,121,3,96.745,48.27730000000008
B,39,3900,100,0.246725,0.278304,0.285839,0.287602,0.287602,0,0,2.6622961,8394920,63057920,124,3,84.554,46.01189999999988
B,40,4000,100,0.186409,0.209443,0.22728,0.232298,0.232298,0,0,2.6962681,1351880,63160320,128,4,53.216,33.972000000000335
B,41,4100,100,0.189419,0.20639,0.211837,0.214487,0.214487,0,0,2.7306193,2369288,63160320,131,3,53.566,34.35119999999969
B,42,4200,100,0.203634,0.257986,0.270941,0.274687,0.274687,0,0,2.7676857,3282048,61100032,134,3,64.352,37.06640000000006
B,43,4300,100,0.246054,0.274066,0.279296,0.368193,0.368193,0,0,2.815583,4307816,61534208,137,3,94.77,47.89730000000026
B,44,4400,100,0.248368,0.279517,0.290257,0.291089,0.291089,0,0,2.8666445,5346680,62177280,140,3,97.22,51.06149999999987
B,45,4500,100,0.22764,0.248619,0.250372,0.255692,0.255692,0,0,2.9044245,6470568,63467520,143,3,70.637,37.78000000000014
B,46,4600,100,0.226575,0.247827,0.253758,0.259692,0.259692,0,0,2.9408035,7493504,63467520,146,3,67.707,36.37899999999972
B,47,4700,100,0.241896,0.27038,0.275359,0.279687,0.279687,0,0,2.9839172,8413296,63524864,149,3,79.715,43.113700000000144
B,48,4800,100,0.226898,0.25984,0.273495,0.275911,0.275911,0,0,3.0308388,1358736,63557632,153,4,89.347,46.92160000000012
B,49,4900,100,0.205768,0.229531,0.234992,0.25451,0.25451,0,0,3.0643829,2375912,63655936,156,3,62.916,33.54409999999986
B,50,5000,100,0.18143,0.200439,0.207759,0.208261,0.208261,0,0,3.0977973,3393304,63655936,159,3,52.714,33.414399999999844
B,51,5100,100,0.180047,0.197424,0.202394,0.207373,0.207373,0,0,3.1304458,4418944,63655936,162,3,51.759,32.648500000000084
B,52,5200,100,0.179847,0.202513,0.208714,0.210545,0.210545,0,0,3.1632209,5444592,63655936,165,3,51.968,32.77509999999984
B,53,5300,100,0.179359,0.197932,0.198673,0.204915,0.204915,0,0,3.1957629,6462016,63655936,168,3,51.662,32.54200000000029
B,54,5400,100,0.179239,0.199003,0.203265,0.204143,0.204143,0,0,3.2282593,7487048,63655936,171,3,52.159,32.496399999999866
B,55,5500,100,0.179567,0.196812,0.199174,0.199975,0.199975,0,0,3.2607141,8511128,63655936,174,3,51.694,32.454800000000006
B,56,5600,100,0.179309,0.198292,0.203525,0.204597,0.204597,0,0,3.2934974,1359200,63655936,178,4,51.919,32.78330000000018
B,57,5700,100,0.178969,0.196689,0.205789,0.206227,0.206227,0,0,3.3258744,2376608,63655936,181,3,51.599,32.37699999999988
B,58,5800,100,0.176464,0.204012,0.235262,0.246344,0.246344,0,0,3.3589268,3393880,63655936,184,3,51.403,33.05239999999987
B,59,5900,100,0.178635,0.199193,0.201943,0.206871,0.206871,0,0,3.3908704,4419520,63655936,187,3,50.855,31.94359999999996
B,60,6000,100,0.180879,0.226437,0.242427,0.245472,0.245472,0,0,3.4241995,5445264,63668224,190,3,54.36,33.3291
B,61,6100,100,0.178568,0.199925,0.205024,0.209713,0.209713,0,0,3.4565293,6462592,63668224,193,3,51.19,32.3298000000003
B,62,6200,100,0.17921,0.198065,0.204197,0.204784,0.204784,0,0,3.4890396,7486184,63668224,196,3,51.754,32.51029999999977
B,63,6300,100,0.178929,0.196091,0.198276,0.199534,0.199534,0,0,3.521522,8511704,63668224,199,3,51.549,32.48240000000013
B,64,6400,100,0.179336,0.198743,0.21682,0.253175,0.253175,0,0,3.5544355,1359776,63668224,203,4,51.803,32.913499999999814
B,65,6500,100,0.179527,0.197914,0.207429,0.221996,0.221996,0,0,3.5869461,2377184,63668224,206,3,51.746,32.51060000000017
B,66,6600,100,0.179196,0.1974,0.203475,0.212188,0.212188,0,0,3.6194187,3394968,63668224,209,3,51.692,32.472600000000185
B,67,6700,100,0.178909,0.197635,0.20252,0.20561,0.20561,0,0,3.6520291,4420664,63668224,212,3,51.774,32.610399999999814
B,68,6800,100,0.17931,0.197199,0.200125,0.205465,0.205465,0,0,3.6846136,5446256,63668224,215,3,51.806,32.58450000000002
B,69,6900,100,0.179356,0.198161,0.20086,0.208322,0.208322,0,0,3.7165001,6463776,63668224,218,3,49.868,31.88650000000015
B,70,7000,100,0.179289,0.198753,0.202219,0.212521,0.212521,0,0,3.7490016,7487272,63668224,221,3,51.611,32.501499999999965
B,71,7100,100,0.179466,0.197,0.198372,0.198657,0.198657,0,0,3.7813366,8512760,63668224,224,3,51.379,32.33499999999978
B,72,7200,100,0.17973,0.196728,0.199114,0.203816,0.203816,0,0,3.8142714,1360864,63668224,228,4,52.181,32.93480000000004
B,73,7300,100,0.179651,0.197671,0.208946,0.216857,0.216857,0,0,3.8472153,2377960,63668224,231,3,52.138,32.9438999999998
B,74,7400,100,0.21789,0.250061,0.262785,0.271091,0.271091,0,0,3.8868248,3395544,63586304,234,3,71.952,39.609500000000075
B,75,7500,100,0.178164,0.200179,0.202339,0.207328,0.207328,0,0,3.9187086,4421184,63684608,237,3,50.641,31.88380000000013
B,76,7600,100,0.17943,0.197069,0.198602,0.203736,0.203736,0,0,3.9512663,5446832,63684608,240,3,51.773,32.55769999999991
B,77,7700,100,0.179386,0.19759,0.200719,0.204888,0.204888,0,0,3.9839916,6464256,63684608,243,3,51.931,32.72530000000007
B,78,7800,100,0.1949,0.248668,0.253939,0.275368,0.275368,0,0,4.0214237,7487848,63598592,246,3,64.396,37.43209999999975
B,79,7900,100,0.203524,0.224313,0.229625,0.246383,0.246383,0,0,4.0538369,8516416,63696896,249,3,57.141,32.413200000000586
B,80,8000,100,0.205427,0.226046,0.231187,0.233949,0.233949,0,0,4.0877728,1361544,63696896,253,4,64.238,33.935899999999464
B,81,8100,100,0.206411,0.2285,0.234594,0.235653,0.235653,0,0,4.121823,2378224,63696896,256,3,63.704,34.05020000000025
B,82,8200,100,0.20684,0.233087,0.239373,0.253399,0.253399,0,0,4.1555721,3404360,63696896,259,3,63.98,33.74909999999964
B,83,8300,100,0.20678,0.22851,0.242939,0.247436,0.247436,0,0,4.1895933,4421376,63696896,262,3,64.191,34.02120000000064
B,84,8400,100,0.20712,0.227729,0.229372,0.231214,0.231214,0,0,4.2235929,5456520,63696896,265,3,65.061,33.999599999999575
B,85,8500,100,0.180101,0.210965,0.225634,0.229384,0.229384,0,0,4.2561031,6464840,63696896,268,3,52.905,32.510199999999934
B,86,8600,100,0.179681,0.198212,0.200346,0.204557,0.204557,0,0,4.2884477,7488424,63696896,271,3,51.559,32.34460000000006
B,87,8700,100,0.17949,0.199323,0.202493,0.208481,0.208481,0,0,4.3210803,8513944,63696896,274,3,51.876,32.632600000000345
B,88,8800,100,0.180308,0.20073,0.206371,0.207162,0.207162,0,0,4.3543467,1362016,63696896,278,4,52.631,33.266399999999585
B,89,8900,100,0.17917,0.198603,0.205218,0.207803,0.207803,0,0,4.3867365,2379328,63696896,281,3,51.39,32.3897999999998
B,90,9000,100,0.179195,0.196412,0.198863,0.204263,0.204263,0,0,4.4189584,3396768,63696896,284,3,51.224,32.22190000000058
B,91,9100,100,0.178905,0.197474,0.203616,0.204353,0.204353,0,0,4.4512865,4422448,63696896,287,3,51.53,32.32809999999997
B,92,9200,100,0.179356,0.19718,0.200426,0.208991,0.208991,0,0,4.4835974,5447984,63696896,290,3,51.518,32.3108999999997
B,93,9300,100,0.179286,0.197914,0.199885,0.2005,0.2005,0,0,4.5159636,6465408,63696896,293,3,51.554,32.366200000000234
B,94,9400,100,0.179206,0.19733,0.202944,0.203886,0.203886,0,0,4.5482583,7493800,63696896,296,3,51.499,32.294699999999565
B,95,9500,100,0.17906,0.198984,0.20275,0.211045,0.211045,0,0,4.5805775,8514584,63696896,299,3,51.546,32.31920000000077
B,96,9600,100,0.179326,0.19714,0.198413,0.204226,0.204226,0,0,4.6132963,1362592,63696896,303,4,51.922,32.718799999999604
B,97,9700,100,0.178645,0.197444,0.198606,0.203065,0.203065,0,0,4.6455387,2380000,63696896,306,3,51.353,32.24240000000034
B,98,9800,100,0.179069,0.19571,0.200009,0.203592,0.203592,0,0,4.6779156,3397272,63696896,309,3,51.575,32.37690000000004
B,99,9900,100,0.179109,0.197304,0.208555,0.223563,0.223563,0,0,4.7100621,4422912,63696896,312,3,51.167,32.146499999999634
B,100,10000,100,0.179437,0.196719,0.205298,0.209513,0.209513,0,0,4.7425137,5448560,63696896,315,3,51.597,32.451599999999914
A2,1,100,100,0.876189,0.942888,0.954867,0.964546,0.964546,0,0,0.125501,2305664,54865920,6,,,
A2,2,200,100,0.87089,0.945614,0.958297,0.996245,0.996245,0,0,0.2411642,3350600,56139776,9,3,160.483,115.66319999999999
A2,3,300,100,0.963273,1.294099,1.518922,2.068095,2.068095,19,0,0.3692213,4376248,56492032,12,3,167.572,128.0571
A2,4,400,100,0.95952,0.970992,0.984133,1.015745,1.015745,1,0,0.4941122,5406888,56594432,15,3,150.056,124.89090000000003
A2,5,500,100,1.014011,1.170656,1.567278,1.839569,1.839569,81,0,0.6288156,6439960,56688640,18,3,167.643,134.70340000000002
A2,6,600,100,1.116558,1.519295,1.705295,1.749208,1.749208,77,0,0.7708147,7454040,56881152,21,3,201.626,141.99909999999994
A2,7,700,100,0.627291,0.914254,0.937227,0.940322,0.940322,0,0,0.8786816,8479376,57106432,24,3,156.051,107.86689999999999
A2,8,800,100,0.567061,0.584314,0.626844,0.893605,0.893605,0,0,0.9718005,1321312,57180160,28,4,118.603,93.11890000000001
A2,9,900,100,0.567632,0.580924,0.588401,0.625201,0.625201,0,0,1.0622776,2352056,57184256,31,3,114.272,90.47710000000009
A2,10,1000,100,0.564907,0.900939,0.915106,14.590295,14.590295,1,1,1.1763645,3369688,57622528,34,3,170.57,114.08689999999999
A2,11,1100,100,0.55735,0.574722,0.578309,0.581915,0.581915,0,0,1.2661969,4403472,57626624,37,3,113.324,89.83239999999992
A2,12,1200,100,0.575804,0.67955,0.683327,0.697187,0.697187,0,0,1.3613294,5421040,57622528,40,3,128.591,95.13250000000006
A2,13,1300,100,0.606937,0.679513,0.687354,0.691322,0.691322,0,0,1.4569655,6446728,57622528,43,3,130.43,95.63609999999989
A2,14,1400,100,0.658664,0.887143,0.893265,0.89636,0.89636,0,0,1.5668056,7464024,57864192,46,3,175.648,109.84009999999999
A2,15,1500,100,0.547731,0.858559,0.888535,0.892883,0.892883,0,0,1.6698303,8489008,58224640,49,3,134.303,103.0247000000002
A2,16,1600,100,0.552915,0.881492,0.900308,0.926427,0.926427,0,0,1.7713187,1335384,58720256,53,4,151.273,101.48839999999981
A2,17,1700,100,0.547694,0.855393,0.871112,0.87509,0.87509,0,0,1.8682344,2352832,58875904,56,3,135.368,96.91570000000004
A2,18,1800,100,0.555966,0.878817,0.892743,0.957876,0.957876,0,0,1.9710665,3383576,59162624,59,3,156.465,102.8321000000001
A2,19,1900,100,0.56301,0.644297,0.645606,0.649624,0.649624,0,0,2.0622162,4404208,59162624,62,3,127.117,91.14969999999988
A2,20,2000,100,0.571029,0.647553,0.653222,0.655378,0.655378,0,0,2.1537583,5429968,59162624,65,3,126.774,91.54209999999985
A2,21,2100,100,0.341652,0.647072,0.802804,0.808604,0.808604,0,0,2.2460012,6348832,58486784,68,3,169.952,92.24290000000002
A2,22,2200,100,0.293243,0.317397,0.320364,0.321524,0.321524,0,0,2.3089581,7479408,59379712,71,3,98.672,62.95690000000009
A2,23,2300,100,0.293042,0.316288,0.321184,0.327998,0.327998,0,0,2.3715606,8504624,59379712,74,3,96.842,62.60250000000012
A2,24,2400,100,0.295007,0.318601,0.334102,0.363925,0.363925,0,0,2.4344755,1333424,59379712,78,4,97.227,62.914899999999996
A2,25,2500,100,0.286148,0.314364,0.329552,0.331383,0.331383,0,0,2.4960074,2359264,59379712,81,3,93.129,61.531899999999865
A2,26,2600,100,0.296469,0.32889,0.345001,0.345552,0.345552,0,0,2.5613587,3272008,57352192,84,3,106.992,65.35130000000011
A2,27,2700,100,0.343007,0.374456,0.379015,0.382512,0.382512,0,0,2.6249452,4305936,57823232,87,3,124.915,63.58649999999999
A2,28,2800,100,0.288414,0.361141,0.377211,0.380647,0.380647,0,0,2.6830631,5323576,58286080,90,3,114.658,58.117900000000056
A2,29,2900,100,0.272043,0.300507,0.306558,0.30707,0.30707,0,0,2.7357962,6340320,58744832,93,3,99.395,52.73309999999975
A2,30,3000,100,0.19542,0.219833,0.223944,0.224165,0.224165,0,0,2.772503,7472312,59629568,96,3,56.008,36.70680000000015
A2,31,3100,100,0.198011,0.218911,0.224441,0.226085,0.226085,0,0,2.8098984,8496184,59629568,99,3,57.448,37.39539999999985
A2,32,3200,100,0.198386,0.215475,0.224325,0.228048,0.228048,0,0,2.8478659,1342608,59629568,103,4,58.087,37.96750000000016
A2,33,3300,100,0.198262,0.219252,0.224712,0.236949,0.236949,0,0,2.8852668,2360048,59629568,106,3,57.57,37.40090000000018
A2,34,3400,100,0.198947,0.216259,0.218139,0.222147,0.222147,0,0,2.9229083,3377768,59629568,109,3,57.734,37.64149999999988
A2,35,3500,100,0.271321,0.30176,0.309644,0.314924,0.314924,0,0,2.9774323,4298672,58015744,112,3,105.034,54.523999999999795
A2,36,3600,100,0.27008,0.30225,0.30729,0.312589,0.312589,0,0,3.0360775,5332616,58531840,115,3,112.901,58.6452000000004
A2,37,3700,100,0.264169,0.294465,0.302941,0.332588,0.332588,0,0,3.0898885,6342224,62566400,118,3,105.993,53.81099999999961
A2,38,3800,100,0.264759,0.292421,0.298132,0.300556,0.300556,0,0,3.1412538,7371712,63070208,121,3,101.859,51.36530000000006
A2,39,3900,100,0.191733,0.226068,0.282592,0.301308,0.301308,0,0,3.1780824,8495752,63565824,124,3,57.968,36.82860000000021
A2,40,4000,100,0.193617,0.21203,0.218099,0.222331,0.222331,0,0,3.212959,1343536,63565824,128,4,54.391,34.87660000000004
A2,41,4100,100,0.194565,0.212408,0.220854,0.221335,0.221335,0,0,3.2474106,2360992,63565824,131,3,54.011,34.451599999999694
A2,42,4200,100,0.193957,0.213671,0.217859,0.224535,0.224535,0,0,3.2819792,3378376,63565824,134,3,53.932,34.56860000000006
A2,43,4300,100,0.193517,0.210869,0.212471,0.217552,0.217552,0,0,3.3163181,4404056,63565824,137,3,53.796,34.33890000000028
A2,44,4400,100,0.193887,0.260051,0.276943,0.276962,0.276962,0,0,3.3517179,5430480,63574016,140,3,57.2,35.399799999999985
A2,45,4500,100,0.265852,0.294856,0.300797,0.30247,0.30247,0,0,3.401748,6342832,62742528,143,3,98.255,50.030099999999855
A2,46,4600,100,0.260121,0.291579,0.314944,0.326806,0.326806,0,0,3.4500658,7365104,63197184,146,3,96.031,48.31779999999996
A2,47,4700,100,0.247317,0.29162,0.300406,0.300827,0.300827,0,0,3.4992056,8397552,63852544,149,3,96.7,49.139799999999845
A2,48,4800,100,0.2391,0.267094,0.268657,0.272134,0.272134,0,0,3.5467789,1238816,61276160,153,4,94.644,47.57330000000026
A2,49,4900,100,0.178966,0.232939,0.25484,0.27076,0.27076,0,0,3.5796834,2361592,64135168,156,3,53.972,32.90449999999989
A2,50,5000,100,0.181835,0.201328,0.209707,0.212483,0.212483,0,0,3.6113417,3378976,64135168,159,3,50.605,31.65830000000014
A2,51,5100,100,0.181724,0.200356,0.201448,0.202143,0.202143,0,0,3.6430067,4404632,64135168,162,3,50.582,31.664999999999832
A2,52,5200,100,0.182997,0.245423,0.260411,0.262384,0.262384,0,0,3.6786809,5429936,64143360,165,3,57.623,35.67419999999988
A2,53,5300,100,0.182181,0.203432,0.23329,0.237556,0.237556,0,0,3.7106739,6447376,64143360,168,3,51.541,31.993000000000382
A2,54,5400,100,0.182091,0.200806,0.21085,0.240001,0.240001,0,0,3.7424976,7471304,64143360,171,3,50.877,31.8236999999999
A2,55,5500,100,0.181634,0.200096,0.203646,0.208611,0.208611,0,0,3.7741394,8496928,64143360,174,3,50.632,31.641800000000053
A2,56,5600,100,0.181915,0.203542,0.21113,0.23979,0.23979,0,0,3.8063541,1344712,64143360,178,4,51.239,32.21469999999993
A2,57,5700,100,0.183478,0.229331,0.235582,0.245373,0.245373,0,0,3.8385962,2370424,64143360,181,3,53.452,32.24209999999994
A2,58,5800,100,0.21232,0.232829,0.234992,0.236656,0.236656,0,0,3.8718601,3395936,64143360,184,3,62.393,33.26390000000012
A2,59,5900,100,0.214232,0.235965,0.238598,0.242369,0.242369,0,0,3.9061385,4405256,64143360,187,3,64.55,34.27839999999982
A2,60,6000,100,0.214113,0.235023,0.238389,0.240131,0.240131,0,0,3.9394349,5438672,64143360,190,3,61.802,33.296400000000226
A2,61,6100,100,0.213312,0.235175,0.239261,0.246455,0.246455,0,0,3.9729081,6447856,64143360,193,3,62.993,33.47319999999998
A2,62,6200,100,0.182676,0.214494,0.232909,0.23427,0.23427,0,0,4.0055916,7471952,64147456,196,3,52.934,32.68349999999964
A2,63,6300,100,0.182693,0.201351,0.208782,0.211778,0.211778,0,0,4.0380366,8497504,64147456,199,3,51.764,32.44500000000006
A2,64,6400,100,0.182406,0.203416,0.20754,0.216867,0.216867,0,0,4.0708964,1345288,64147456,203,4,52.206,32.85979999999977
A2,65,6500,100,0.182291,0.200256,0.201257,0.201362,0.201362,0,0,4.1026193,2362744,64147456,206,3,50.748,31.72290000000011
A2,66,6600,100,0.182512,0.200246,0.209243,0.212693,0.212693,0,0,4.1345524,3380640,64147456,209,3,50.981,31.933099999999826
A2,67,6700,100,0.182296,0.201091,0.209333,0.209577,0.209577,0,0,4.1667025,4405936,64147456,212,3,51.332,32.15010000000085
A2,68,6800,100,0.211559,0.235604,0.243289,0.250652,0.250652,0,0,4.1998438,5431224,64147456,215,3,59.41,33.141299999999596
A2,69,6900,100,0.213112,0.234902,0.239442,0.240113,0.240113,0,0,4.2331304,6464488,64147456,218,3,62.587,33.28660000000028
A2,70,7000,100,0.214856,0.235614,0.236995,0.237457,0.237457,0,0,4.2671182,7478288,64147456,221,3,63.129,33.987799999999346
A2,71,7100,100,0.211249,0.236306,0.240742,0.242996,0.242996,0,0,4.3012269,8389168,64049152,224,3,59.433,34.10869999999999
A2,72,7200,100,0.182442,0.205509,0.21168,0.219302,0.219302,0,0,4.334388,1346376,64147456,228,4,52.065,33.161100000000054
A2,73,7300,100,0.182833,0.203552,0.212599,0.213003,0.213003,0,0,4.3665385,2363832,64147456,231,3,51.356,32.15050000000019
A2,74,7400,100,0.182402,0.202854,0.212208,0.223373,0.223373,0,0,4.3984545,3381216,64147456,234,3,51.009,31.915999999999833
A2,75,7500,100,0.182406,0.201017,0.206086,0.207483,0.207483,0,0,4.4305893,4406872,64147456,237,3,51.309,32.134800000000574
A2,76,7600,100,0.182536,0.200841,0.204948,0.214823,0.214823,0,0,4.4625685,5431216,64147456,240,3,51.094,31.97919999999943
A2,77,7700,100,0.225014,0.260471,0.277463,0.279757,0.279757,0,0,4.5030225,6449976,64065536,243,3,70.736,40.454000000000434
A2,78,7800,100,0.181941,0.202714,0.203672,0.209764,0.209764,0,0,4.5348109,7473616,64163840,246,3,50.656,31.78839999999994
A2,79,7900,100,0.182041,0.201057,0.208261,0.209914,0.209914,0,0,4.5665309,8499168,64163840,249,3,50.724,31.71999999999997
A2,80,8000,100,0.181504,0.20076,0.205435,0.212322,0.212322,0,0,4.5985212,1346952,64163840,253,4,50.834,31.99030000000036
A2,81,8100,100,0.20022,0.260011,0.267875,0.268477,0.268477,0,0,4.6359411,2364408,64176128,256,3,66.866,37.41989999999973
A2,82,8200,100,0.183347,0.218921,0.232035,0.235947,0.235947,0,0,4.6678888,3397408,64176128,259,3,53.292,31.947699999999912
A2,83,8300,100,0.212902,0.234652,0.240282,0.244321,0.244321,0,0,4.7011082,4407824,64176128,262,3,61.77,33.21940000000012
A2,84,8400,100,0.208261,0.232508,0.236817,0.245974,0.245974,0,0,4.7341234,5433112,64180224,265,3,57.871,33.01519999999947
A2,85,8500,100,0.182045,0.201451,0.208441,0.209854,0.209854,0,0,4.7658649,6450552,64180224,268,3,50.653,31.741500000000755
A2,86,8600,100,0.182111,0.203975,0.251754,0.253648,0.253648,0,0,4.799394,7474152,64184320,271,3,53.056,33.52909999999998
A2,87,8700,100,0.182282,0.199528,0.20052,0.201277,0.201277,0,0,4.8310559,8499744,64184320,274,3,50.565,31.661899999999576
A2,88,8800,100,0.182305,0.20043,0.20258,0.209247,0.209247,0,0,4.8635912,1347528,64184320,278,4,51.718,32.535300000000156
A2,89,8900,100,0.182406,0.201251,0.207643,0.211578,0.211578,0,0,4.8955176,2364984,64184320,281,3,50.992,31.92639999999969
A2,90,9000,100,0.181744,0.200507,0.20566,0.206838,0.206838,0,0,4.9269517,3382104,64184320,284,3,50.249,31.434100000000242
A2,91,9100,100,0.182276,0.207412,0.212229,0.212438,0.212438,0,0,4.9588416,4407856,64184320,287,3,50.876,31.88990000000036
A2,92,9200,100,0.183494,0.218019,0.236395,0.237648,0.237648,0,0,4.9914256,5433848,64184320,290,3,53.148,32.583999999999946
A2,93,9300,100,0.214464,0.236916,0.23834,0.242658,0.242658,0,0,5.0255775,6459288,64184320,293,3,63.018,34.15189999999946
A2,94,9400,100,0.214274,0.236548,0.243097,0.251903,0.251903,0,0,5.0594626,7488488,64184320,296,3,62.428,33.8851
A2,95,9500,100,0.213262,0.235085,0.23874,0.245543,0.245543,0,0,5.0932954,8499888,64184320,299,3,62.516,33.832799999999885
A2,96,9600,100,0.213811,0.236145,0.239802,0.244784,0.244784,0,0,5.1277997,1347688,64184320,303,4,63.494,34.50430000000004
A2,97,9700,100,0.213352,0.234725,0.246134,0.262285,0.262285,0,0,5.1614439,2373864,64184320,306,3,62.826,33.644200000000346
A2,98,9800,100,0.213642,0.235133,0.246272,0.248859,0.248859,0,0,5.1950714,3391472,64184320,309,3,62.571,33.6274999999997
A2,99,9900,100,0.212972,0.235936,0.239572,0.246116,0.246116,0,0,5.2284796,4408352,64184320,312,3,62.322,33.40820000000022
A2,100,10000,100,0.212851,0.236837,0.242139,0.24343,0.24343,0,0,5.2620816,5426520,64184320,315,3,63.192,33.60200000000013
